"device_ID","session_start_timeStamp","focal_start_timeStamp","behavior_timeStamp","actor","subject","BEHAVIOR","MUTUAL","Behavior","comment","latitude","longitude","gps_horizontal_precision","altitude"
"6C9C0A24-E36D-409A-B806-CACC16B2D1CB","2019-06-11,19:56:50","2019-06-11,19:57:00","2019-06-11,19:58:46","MOL","MOL","","","Scent-Marking",,"9.16505432128906","-79.8366317749023","65","43.3454437255859"
"6C9C0A24-E36D-409A-B806-CACC16B2D1CB","2019-06-11,19:56:50","2019-06-11,19:57:00","2019-06-11,19:58:51","MOL","MOL","","","Scent-Marking",,"9.16505432128906","-79.8366317749023","65","43.3454437255859"
"6C9C0A24-E36D-409A-B806-CACC16B2D1CB","2019-06-11,19:56:50","2019-06-11,19:57:00","2019-06-11,19:58:57","MOL","MOL","","","Scent-Marking",,"9.16505432128906","-79.8366317749023","65","43.3454437255859"
"6C9C0A24-E36D-409A-B806-CACC16B2D1CB","2019-06-12,16:13:53","2019-06-12,16:14:18","2019-06-12,16:19:02","TNY","UNID_1","","","",,"9.1650390625","-79.8366394042969","65","43.3353271484375"
"6C9C0A24-E36D-409A-B806-CACC16B2D1CB","2019-06-12,16:13:53","2019-06-12,16:14:18","2019-06-12,16:19:57","TNY","TNY","","","Scent-Marking",,"9.1650390625","-79.8366394042969","65","43.3353271484375"
"6C9C0A24-E36D-409A-B806-CACC16B2D1CB","2019-06-12,16:13:53","2019-06-12,16:14:18","2019-06-12,16:20:02","TNY","TNY","","","Scent-Marking",,"9.1650390625","-79.8366394042969","65","43.3353271484375"
"6C9C0A24-E36D-409A-B806-CACC16B2D1CB","2019-06-12,16:13:53","2019-06-12,16:14:18","2019-06-12,16:20:05","TNY","TNY","","","Scent-Marking",,"9.1650390625","-79.8366394042969","65","43.3353271484375"
"6C9C0A24-E36D-409A-B806-CACC16B2D1CB","2019-06-12,16:25:11","2019-06-12,16:25:26","2019-06-12,16:30:12","TNY","TNY","","","Scent-Marking",,"9.16502380371094","-79.8366546630859","65","43.248046875"
"6C9C0A24-E36D-409A-B806-CACC16B2D1CB","2019-06-12,16:25:11","2019-06-12,16:25:26","2019-06-12,16:31:58","TNY","TNY","","","Scent-Marking",,"9.16502380371094","-79.8366546630859","65","43.248046875"
"6C9C0A24-E36D-409A-B806-CACC16B2D1CB","2019-06-13,15:43:02","2019-06-13,15:43:07","2019-06-13,15:43:33","TNY","TNY","","","",,"9.1650390625","-79.8366394042969","65","43.5658378601074"
"6C9C0A24-E36D-409A-B806-CACC16B2D1CB","2019-06-13,15:43:02","2019-06-13,15:43:07","2019-06-13,15:43:35","TNY","TNY","","","",,"9.1650390625","-79.8366394042969","65","43.5658378601074"
"6C9C0A24-E36D-409A-B806-CACC16B2D1CB","2019-06-13,15:43:02","2019-06-13,15:43:07","2019-06-13,15:44:13","TNY","TNY","","","",,"9.1650390625","-79.8366394042969","65","43.5658378601074"
"6C9C0A24-E36D-409A-B806-CACC16B2D1CB","2019-06-13,15:43:02","2019-06-13,15:43:07","2019-06-13,15:45:03","TNY","TNY","","","",,"9.1650390625","-79.8366394042969","65","43.5658378601074"
"6C9C0A24-E36D-409A-B806-CACC16B2D1CB","2019-06-13,17:55:17","2019-06-13,19:43:43","2019-06-13,20:19:49","TNY","TNY","","","",,"0","0","0","0"
"6C9C0A24-E36D-409A-B806-CACC16B2D1CB","2019-06-13,17:55:17","2019-06-13,19:43:43","2019-06-13,20:20:30","TNY","TNY","","","",,"0","0","0","0"
"6C9C0A24-E36D-409A-B806-CACC16B2D1CB","2019-06-13,17:55:17","2019-06-13,19:43:43","2019-06-13,20:20:45","TNY","TNY","","","",,"0","0","0","0"
"6C9C0A24-E36D-409A-B806-CACC16B2D1CB","2019-06-13,17:55:17","2019-06-13,19:43:43","2019-06-13,20:22:45","TNY","TNY","","","",,"0","0","0","0"
"6C9C0A24-E36D-409A-B806-CACC16B2D1CB","2019-06-13,17:55:17","2019-06-13,19:43:43","2019-06-13,20:58:41","TNY","TNY","","","",,"0","0","0","0"
"6C9C0A24-E36D-409A-B806-CACC16B2D1CB","2019-06-13,17:55:17","2019-06-13,19:43:43","2019-06-13,20:58:55","TNY","TNY","","","",,"0","0","0","0"
"6C9C0A24-E36D-409A-B806-CACC16B2D1CB","2019-06-13,17:55:17","2019-06-13,19:43:43","2019-06-13,21:09:15","TNY","TNY","","","",,"0","0","0","0"
"6C9C0A24-E36D-409A-B806-CACC16B2D1CB","2019-06-13,17:55:17","2019-06-13,19:43:43","2019-06-13,21:11:04","TNY","TNY","","","",,"0","0","0","0"
"6C9C0A24-E36D-409A-B806-CACC16B2D1CB","2019-06-13,17:55:17","2019-06-13,19:43:43","2019-06-13,21:11:58","TNY","TNY","","","",,"0","0","0","0"
"6C9C0A24-E36D-409A-B806-CACC16B2D1CB","2019-06-13,17:55:17","2019-06-13,19:43:43","2019-06-13,21:34:58","TNY","TNY","","","",,"0","0","0","0"
"6C9C0A24-E36D-409A-B806-CACC16B2D1CB","2019-06-13,17:55:17","2019-06-13,19:43:43","2019-06-13,21:35:52","TNY","TNY","","","",,"0","0","0","0"
"6C9C0A24-E36D-409A-B806-CACC16B2D1CB","2019-06-13,17:55:17","2019-06-13,19:43:43","2019-06-13,21:37:27","TNY","TNY","","","",,"0","0","0","0"
"6C9C0A24-E36D-409A-B806-CACC16B2D1CB","2019-06-13,17:55:17","2019-06-13,19:43:43","2019-06-13,21:37:33","TNY","TNY","","","",,"0","0","0","0"
"6C9C0A24-E36D-409A-B806-CACC16B2D1CB","2019-06-13,17:55:17","2019-06-13,19:43:43","2019-06-13,21:38:12","TNY","TNY","","","",,"0","0","0","0"
"6C9C0A24-E36D-409A-B806-CACC16B2D1CB","2019-06-13,17:55:17","2019-06-13,19:43:43","2019-06-13,21:38:20","TNY","TNY","","","",,"0","0","0","0"
"6C9C0A24-E36D-409A-B806-CACC16B2D1CB","2019-06-13,17:55:17","2019-06-13,19:43:43","2019-06-13,21:38:52","TNY","TNY","","","",,"0","0","0","0"
"6C9C0A24-E36D-409A-B806-CACC16B2D1CB","2019-06-13,17:55:17","2019-06-13,19:43:43","2019-06-13,21:39:29","TNY","TNY","","","",,"0","0","0","0"
"6C9C0A24-E36D-409A-B806-CACC16B2D1CB","2019-06-13,17:55:17","2019-06-13,19:43:43","2019-06-13,21:39:46","TNY","TNY","","","",,"0","0","0","0"
"6C9C0A24-E36D-409A-B806-CACC16B2D1CB","2019-06-13,17:55:17","2019-06-13,19:43:43","2019-06-13,21:40:31","TNY","TNY","","","",,"0","0","0","0"
"6C9C0A24-E36D-409A-B806-CACC16B2D1CB","2019-06-13,17:55:17","2019-06-13,19:43:43","2019-06-13,21:41:20","UNID_1","UNID_1","","","",,"0","0","0","0"
"6C9C0A24-E36D-409A-B806-CACC16B2D1CB","2019-06-13,17:55:17","2019-06-13,19:43:43","2019-06-13,21:54:30","TNY","TNY","","","",,"0","0","0","0"
"6C9C0A24-E36D-409A-B806-CACC16B2D1CB","2019-06-13,17:55:17","2019-06-13,19:43:43","2019-06-13,21:55:33","TNY","TNY","","","",,"0","0","0","0"
"6C9C0A24-E36D-409A-B806-CACC16B2D1CB","2019-06-13,17:55:17","2019-06-13,19:43:43","2019-06-13,21:57:17","TNY","TNY","","","",,"0","0","0","0"
"6C9C0A24-E36D-409A-B806-CACC16B2D1CB","2019-06-13,17:55:17","2019-06-13,19:43:43","2019-06-13,21:57:44","TNY","TNY","","","",,"0","0","0","0"
"6C9C0A24-E36D-409A-B806-CACC16B2D1CB","2019-06-13,17:55:17","2019-06-13,19:43:43","2019-06-13,21:58:55","TNY","TNY","","","",,"0","0","0","0"
"6C9C0A24-E36D-409A-B806-CACC16B2D1CB","2019-06-13,17:55:17","2019-06-13,19:43:43","2019-06-13,22:04:59","TNY","TNY","","","",,"0","0","0","0"
"6C9C0A24-E36D-409A-B806-CACC16B2D1CB","2019-06-13,17:55:17","2019-06-13,19:43:43","2019-06-13,22:06:58","TNY","TNY","","","",,"0","0","0","0"
"6C9C0A24-E36D-409A-B806-CACC16B2D1CB","2019-06-13,17:55:17","2019-06-13,19:43:43","2019-06-13,22:10:02","UNID_2","UNID_2","","","",,"0","0","0","0"
"6C9C0A24-E36D-409A-B806-CACC16B2D1CB","2019-06-13,17:55:17","2019-06-13,19:43:43","2019-06-13,22:10:09","UNID_1","UNID_1","","","",,"0","0","0","0"
"6C9C0A24-E36D-409A-B806-CACC16B2D1CB","2019-06-13,17:55:17","2019-06-13,19:43:43","2019-06-13,22:10:12","TNY","TNY","","","",,"0","0","0","0"
"6C9C0A24-E36D-409A-B806-CACC16B2D1CB","2019-06-13,17:55:17","2019-06-13,19:43:43","2019-06-13,22:20:41","UNID_2","UNID_2","","","",,"0","0","0","0"
"6C9C0A24-E36D-409A-B806-CACC16B2D1CB","2019-06-13,17:55:17","2019-06-13,19:43:43","2019-06-13,22:23:18","TNY","TNY","","","",,"0","0","0","0"
"6C9C0A24-E36D-409A-B806-CACC16B2D1CB","2019-06-14,17:59:33","2019-06-14,17:59:41","2019-06-14,17:59:54","TNY","TNY","","","",,"9.16153717041016","-79.8378448486328","10","125.699996948242"
"6C9C0A24-E36D-409A-B806-CACC16B2D1CB","2019-06-16,18:00:40","2019-06-16,18:00:46","2019-06-16,18:54:44","TNY","TNY","","","",,"9.16160488128662","-79.8375015258789","5","88.6999969482422"
"6C9C0A24-E36D-409A-B806-CACC16B2D1CB","2019-06-16,18:00:40","2019-06-16,18:00:46","2019-06-16,18:54:52","TNY","TNY","","","",,"9.16160488128662","-79.8375015258789","5","88.6999969482422"
"6C9C0A24-E36D-409A-B806-CACC16B2D1CB","2019-06-16,18:00:40","2019-06-16,18:00:46","2019-06-16,18:55:36","TNY","TNY","","","",,"9.16160488128662","-79.8375015258789","5","88.6999969482422"
"6C9C0A24-E36D-409A-B806-CACC16B2D1CB","2019-06-16,18:00:40","2019-06-16,18:00:46","2019-06-16,19:23:01","TNY","TNY","","","",,"9.16248607635498","-79.836296081543","5","79.3000030517578"
"6C9C0A24-E36D-409A-B806-CACC16B2D1CB","2019-06-16,18:00:40","2019-06-16,18:00:46","2019-06-16,19:23:36","TNY","TNY","","","",,"9.16248607635498","-79.836296081543","5","79.3000030517578"
"6C9C0A24-E36D-409A-B806-CACC16B2D1CB","2019-06-16,18:00:40","2019-06-16,18:00:46","2019-06-16,19:39:04","TNY","TNY","","","",,"9.16306400299072","-79.8359909057617","5","57.0999984741211"
"6C9C0A24-E36D-409A-B806-CACC16B2D1CB","2019-06-16,18:00:40","2019-06-16,18:00:46","2019-06-16,19:39:28","TNY","TNY","","","",,"9.16306400299072","-79.8359909057617","5","57.0999984741211"
"6C9C0A24-E36D-409A-B806-CACC16B2D1CB","2019-06-16,18:00:40","2019-06-16,18:00:46","2019-06-16,19:41:08","TNY","TNY","","","",,"9.16306400299072","-79.8359909057617","5","57.0999984741211"
"6C9C0A24-E36D-409A-B806-CACC16B2D1CB","2019-06-16,18:00:40","2019-06-16,18:00:46","2019-06-16,20:25:02","TNY","TNY","","","",,"9.16311073303223","-79.8364944458008","10","66.5"
"6C9C0A24-E36D-409A-B806-CACC16B2D1CB","2019-06-16,18:00:40","2019-06-16,18:00:46","2019-06-16,20:25:16","TNY","TNY","","","",,"9.16311073303223","-79.8364944458008","10","66.5"
"6C9C0A24-E36D-409A-B806-CACC16B2D1CB","2019-06-16,18:00:40","2019-06-16,18:00:46","2019-06-16,20:53:41","TNY","TNY","","","",,"9.16214942932129","-79.8360977172852","10","84.0999984741211"
"6C9C0A24-E36D-409A-B806-CACC16B2D1CB","2019-06-16,18:00:40","2019-06-16,18:00:46","2019-06-16,20:54:24","TNY","TNY","","","",,"9.16214942932129","-79.8360977172852","10","84.0999984741211"
"6C9C0A24-E36D-409A-B806-CACC16B2D1CB","2019-06-16,18:00:40","2019-06-16,18:00:46","2019-06-16,20:54:39","TNY","TNY","","","",,"9.16214942932129","-79.8360977172852","10","84.0999984741211"
"6C9C0A24-E36D-409A-B806-CACC16B2D1CB","2019-06-16,20:59:25","2019-06-16,20:59:43","2019-06-16,21:44:30","TNY","TNY","","","",,"9.16140937805176","-79.8358917236328","5","98.5999984741211"
"6C9C0A24-E36D-409A-B806-CACC16B2D1CB","2019-06-16,20:59:25","2019-06-16,20:59:43","2019-06-16,21:45:52","TNY","TNY","","","",,"9.16140937805176","-79.8358917236328","5","98.5999984741211"
"6C9C0A24-E36D-409A-B806-CACC16B2D1CB","2019-06-16,20:59:25","2019-06-16,20:59:43","2019-06-16,22:00:01","TNY","TNY","","","",,"9.16140937805176","-79.8358917236328","5","98.5999984741211"
"6C9C0A24-E36D-409A-B806-CACC16B2D1CB","2019-06-16,20:59:25","2019-06-16,20:59:43","2019-06-16,22:00:07","TNY","TNY","","","",,"9.16140937805176","-79.8358917236328","5","98.5999984741211"
"6C9C0A24-E36D-409A-B806-CACC16B2D1CB","2019-06-16,20:59:25","2019-06-16,20:59:43","2019-06-16,22:01:05","TNY","TNY","","","",,"9.16140937805176","-79.8358917236328","5","98.5999984741211"
"6C9C0A24-E36D-409A-B806-CACC16B2D1CB","2019-06-16,20:59:25","2019-06-16,20:59:43","2019-06-16,22:01:23","TNY","TNY","","","",,"9.16140937805176","-79.8358917236328","5","98.5999984741211"
"6C9C0A24-E36D-409A-B806-CACC16B2D1CB","2019-06-16,20:59:25","2019-06-16,20:59:43","2019-06-16,22:04:18","TNY","TNY","","","",,"9.16140937805176","-79.8358917236328","5","98.5999984741211"
"6C9C0A24-E36D-409A-B806-CACC16B2D1CB","2019-06-18,18:00:15","2019-06-18,18:00:29","2019-06-18,20:51:41","TNY","TNY","","","",,"9.16176605224609","-79.8359451293945","10","95.5999984741211"
"6C9C0A24-E36D-409A-B806-CACC16B2D1CB","2019-06-18,18:00:15","2019-06-18,18:00:29","2019-06-18,20:51:58","TNY","TNY","","","",,"9.16176605224609","-79.8359451293945","10","95.5999984741211"
"6C9C0A24-E36D-409A-B806-CACC16B2D1CB","2019-06-18,18:00:15","2019-06-18,18:00:29","2019-06-18,20:52:02","TNY","TNY","","","",,"9.16176605224609","-79.8359451293945","10","95.5999984741211"
"6C9C0A24-E36D-409A-B806-CACC16B2D1CB","2019-06-18,18:00:15","2019-06-18,18:00:29","2019-06-18,20:55:07","TNY","TNY","","","",,"9.16176605224609","-79.8359451293945","10","95.5999984741211"
"6C9C0A24-E36D-409A-B806-CACC16B2D1CB","2019-06-18,18:00:15","2019-06-18,18:00:29","2019-06-18,20:56:36","TNY","TNY","","","",,"9.16176605224609","-79.8359451293945","10","95.5999984741211"
"6C9C0A24-E36D-409A-B806-CACC16B2D1CB","2019-06-18,18:00:15","2019-06-18,18:00:29","2019-06-18,21:02:03","TNY","TNY","","","",,"9.16176605224609","-79.8359451293945","10","95.5999984741211"
"6C9C0A24-E36D-409A-B806-CACC16B2D1CB","2019-06-18,18:00:15","2019-06-18,18:00:29","2019-06-18,21:02:20","TNY","TNY","","","",,"9.16176605224609","-79.8359451293945","10","95.5999984741211"
"6C9C0A24-E36D-409A-B806-CACC16B2D1CB","2019-06-22,19:48:12","2019-06-22,19:48:16","2019-06-22,20:21:31","TNY","TNY","","","",,"9.16054534912109","-79.8365707397461","10","103"
"6C9C0A24-E36D-409A-B806-CACC16B2D1CB","2019-06-22,19:48:12","2019-06-22,19:48:16","2019-06-22,20:21:53","TNY","TNY","","","",,"9.16054534912109","-79.8365707397461","10","103"
"6C9C0A24-E36D-409A-B806-CACC16B2D1CB","2019-06-22,19:48:12","2019-06-22,19:48:16","2019-06-22,20:22:15","TNY","TNY","","","",,"9.16054534912109","-79.8365707397461","10","103"
"6C9C0A24-E36D-409A-B806-CACC16B2D1CB","2019-06-22,19:48:12","2019-06-22,19:48:16","2019-06-22,20:23:20","TNY","TNY","","","",,"9.16054534912109","-79.8365707397461","10","103"
"6C9C0A24-E36D-409A-B806-CACC16B2D1CB","2019-06-22,19:48:12","2019-06-22,19:48:16","2019-06-22,20:24:27","TNY","TNY","","","",,"9.16054534912109","-79.8365707397461","10","103"
"6C9C0A24-E36D-409A-B806-CACC16B2D1CB","2019-06-23,19:12:37","2019-06-23,19:12:43","2019-06-23,19:48:41","TNY","TNY","","","",,"9.16225147247314","-79.8365936279297","5","95"
"6C9C0A24-E36D-409A-B806-CACC16B2D1CB","2019-06-23,19:12:37","2019-06-23,19:12:43","2019-06-23,19:49:20","TNY","TNY","","","",,"9.16225147247314","-79.8365936279297","5","95"
"6C9C0A24-E36D-409A-B806-CACC16B2D1CB","2019-06-23,19:12:37","2019-06-23,19:12:43","2019-06-23,19:50:24","TNY","TNY","","","",,"9.16225147247314","-79.8365936279297","5","95"
"6C9C0A24-E36D-409A-B806-CACC16B2D1CB","2019-06-23,19:12:37","2019-06-23,19:12:43","2019-06-23,19:51:19","TNY","TNY","","","",,"9.16225147247314","-79.8365936279297","5","95"
"6C9C0A24-E36D-409A-B806-CACC16B2D1CB","2019-06-23,19:12:37","2019-06-23,19:12:43","2019-06-23,19:53:32","TNY","TNY","","","",,"9.16225147247314","-79.8365936279297","5","95"
"6C9C0A24-E36D-409A-B806-CACC16B2D1CB","2019-06-23,19:12:37","2019-06-23,19:12:43","2019-06-23,19:54:02","TNY","TNY","","","",,"9.16225147247314","-79.8365936279297","5","95"
"6C9C0A24-E36D-409A-B806-CACC16B2D1CB","2019-06-23,19:12:37","2019-06-23,19:12:43","2019-06-23,19:54:58","TNY","TNY","","","",,"9.16225147247314","-79.8365936279297","5","95"
"6C9C0A24-E36D-409A-B806-CACC16B2D1CB","2019-06-23,19:12:37","2019-06-23,19:12:43","2019-06-23,19:57:27","TNY","TNY","","","",,"9.16225147247314","-79.8365936279297","5","95"
"6C9C0A24-E36D-409A-B806-CACC16B2D1CB","2019-06-23,19:12:37","2019-06-23,19:12:43","2019-06-23,19:57:44","TNY","TNY","","","",,"9.16225147247314","-79.8365936279297","5","95"
"6C9C0A24-E36D-409A-B806-CACC16B2D1CB","2019-06-23,19:12:37","2019-06-23,19:12:43","2019-06-23,20:05:30","TNY","TNY","","","",,"9.16166114807129","-79.8359069824219","10","86.6999969482422"
"6C9C0A24-E36D-409A-B806-CACC16B2D1CB","2019-06-23,19:12:37","2019-06-23,19:12:43","2019-06-23,20:05:59","TNY","TNY","","","",,"9.16166114807129","-79.8359069824219","10","86.6999969482422"
"6C9C0A24-E36D-409A-B806-CACC16B2D1CB","2019-06-23,19:12:37","2019-06-23,19:12:43","2019-06-23,20:11:05","TNY","TNY","","","",,"9.16166114807129","-79.8359069824219","10","86.6999969482422"
"6C9C0A24-E36D-409A-B806-CACC16B2D1CB","2019-06-23,19:12:37","2019-06-23,19:12:43","2019-06-23,20:12:21","TNY","TNY","","","",,"9.16166114807129","-79.8359069824219","10","86.6999969482422"
"6C9C0A24-E36D-409A-B806-CACC16B2D1CB","2019-06-23,19:12:37","2019-06-23,19:12:43","2019-06-23,20:13:59","TNY","TNY","","","",,"9.16166114807129","-79.8359069824219","10","86.6999969482422"
"6C9C0A24-E36D-409A-B806-CACC16B2D1CB","2019-06-23,19:12:37","2019-06-23,19:12:43","2019-06-23,20:15:32","TNY","TNY","","","",,"9.16166114807129","-79.8359069824219","10","86.6999969482422"
"6C9C0A24-E36D-409A-B806-CACC16B2D1CB","2019-06-23,19:12:37","2019-06-23,19:12:43","2019-06-23,20:16:46","TNY","TNY","","","",,"9.16166114807129","-79.8359069824219","10","86.6999969482422"
"6C9C0A24-E36D-409A-B806-CACC16B2D1CB","2019-06-23,19:12:37","2019-06-23,19:12:43","2019-06-23,20:17:51","TNY","TNY","","","",,"9.16166114807129","-79.8359069824219","10","86.6999969482422"
"6C9C0A24-E36D-409A-B806-CACC16B2D1CB","2019-06-23,19:12:37","2019-06-23,19:12:43","2019-06-23,21:45:05","TNY","TNY","","","",,"9.16252040863037","-79.8362045288086","5","91.6999969482422"
"6C9C0A24-E36D-409A-B806-CACC16B2D1CB","2019-06-23,19:12:37","2019-06-23,19:12:43","2019-06-23,21:45:24","TNY","TNY","","","",,"9.16252040863037","-79.8362045288086","5","91.6999969482422"
"6C9C0A24-E36D-409A-B806-CACC16B2D1CB","2019-06-23,19:12:37","2019-06-23,19:12:43","2019-06-23,21:45:55","TNY","TNY","","","",,"9.16252040863037","-79.8362045288086","5","91.6999969482422"
"6C9C0A24-E36D-409A-B806-CACC16B2D1CB","2019-07-12,16:17:28","2019-07-12,16:17:48","2019-07-12,16:22:18","MOL","MOL","","","",,"9.16505432128906","-79.8366394042969","65","47.0559616088867"
"6C9C0A24-E36D-409A-B806-CACC16B2D1CB","2019-07-12,16:17:28","2019-07-12,16:17:48","2019-07-12,16:22:38","MOL","MOL","","","",,"9.16505432128906","-79.8366394042969","65","47.0559616088867"
"6C9C0A24-E36D-409A-B806-CACC16B2D1CB","2019-07-12,16:17:28","2019-07-12,16:17:48","2019-07-12,16:22:45","MOL","MOL","","","",,"9.16505432128906","-79.8366394042969","65","47.0559616088867"
"6C9C0A24-E36D-409A-B806-CACC16B2D1CB","2019-07-12,16:17:28","2019-07-12,16:17:48","2019-07-12,16:22:57","MOL","MOL","","","",,"9.16505432128906","-79.8366394042969","65","47.0559616088867"
"6C9C0A24-E36D-409A-B806-CACC16B2D1CB","2019-07-12,16:17:28","2019-07-12,16:17:48","2019-07-12,16:23:12","MOL","MOL","","","",,"9.16505432128906","-79.8366394042969","65","47.0559616088867"
"6C9C0A24-E36D-409A-B806-CACC16B2D1CB","2019-07-12,18:54:03","2019-07-12,18:54:19","2019-07-12,18:54:32","MOL","MOL","","","",,"9.16077423095703","-79.8287811279297","5","107.5"
"6C9C0A24-E36D-409A-B806-CACC16B2D1CB","2019-07-12,19:59:20","2019-07-12,19:59:26","2019-07-12,20:28:56","MOL","MOL","","","",,"9.16183376312256","-79.8288803100586","10","76"
"6C9C0A24-E36D-409A-B806-CACC16B2D1CB","2019-07-12,19:59:20","2019-07-12,19:59:26","2019-07-12,20:29:14","MOL","MOL","","","",,"9.16183376312256","-79.8288803100586","10","76"
"6C9C0A24-E36D-409A-B806-CACC16B2D1CB","2019-07-12,19:59:20","2019-07-12,19:59:26","2019-07-12,20:30:07","MOL","MOL","","","",,"9.16183376312256","-79.8288803100586","10","76"
"6C9C0A24-E36D-409A-B806-CACC16B2D1CB","2019-07-12,19:59:20","2019-07-12,19:59:26","2019-07-12,20:32:19","MOL","MOL","","","",,"9.16183376312256","-79.8288803100586","10","76"
"6C9C0A24-E36D-409A-B806-CACC16B2D1CB","2019-07-12,19:59:20","2019-07-12,19:59:26","2019-07-12,20:33:49","MOL","MOL","","","",,"9.16183376312256","-79.8288803100586","10","76"
"6C9C0A24-E36D-409A-B806-CACC16B2D1CB","2019-07-12,19:59:20","2019-07-12,19:59:26","2019-07-12,20:34:37","MOL","MOL","","","",,"9.16183376312256","-79.8288803100586","10","76"
"6C9C0A24-E36D-409A-B806-CACC16B2D1CB","2019-07-12,19:59:20","2019-07-12,19:59:26","2019-07-12,20:37:31","MOL","MOL","","","",,"9.16183376312256","-79.8288803100586","10","76"
"6C9C0A24-E36D-409A-B806-CACC16B2D1CB","2019-07-12,19:59:20","2019-07-12,19:59:26","2019-07-12,20:38:55","MOL","MOL","","","",,"9.16183376312256","-79.8288803100586","10","76"
"6C9C0A24-E36D-409A-B806-CACC16B2D1CB","2019-07-12,19:59:20","2019-07-12,19:59:26","2019-07-12,20:40:09","MOL","MOL","","","",,"9.16183376312256","-79.8288803100586","10","76"
"6C9C0A24-E36D-409A-B806-CACC16B2D1CB","2019-07-12,19:59:20","2019-07-12,19:59:26","2019-07-12,20:40:41","MOL","MOL","","","",,"9.16183376312256","-79.8288803100586","10","76"
"6C9C0A24-E36D-409A-B806-CACC16B2D1CB","2019-07-12,19:59:20","2019-07-12,19:59:26","2019-07-12,20:54:21","MOL","MOL","","","",,"9.16092967987061","-79.8288192749023","5","80.3000030517578"
"6C9C0A24-E36D-409A-B806-CACC16B2D1CB","2019-07-12,19:59:20","2019-07-12,19:59:26","2019-07-12,20:55:12","MOL","MOL","","","",,"9.16092967987061","-79.8288192749023","5","80.3000030517578"
"6C9C0A24-E36D-409A-B806-CACC16B2D1CB","2019-07-12,19:59:20","2019-07-12,19:59:26","2019-07-12,20:56:54","MOL","MOL","","","",,"9.16092967987061","-79.8288192749023","5","80.3000030517578"
"6C9C0A24-E36D-409A-B806-CACC16B2D1CB","2019-07-12,19:59:20","2019-07-12,19:59:26","2019-07-12,21:01:48","MOL","MOL","","","",,"9.16117000579834","-79.8279418945312","5","99.5999984741211"
"6C9C0A24-E36D-409A-B806-CACC16B2D1CB","2019-07-12,19:59:20","2019-07-12,19:59:26","2019-07-12,21:03:35","MOL","MOL","","","",,"9.16117000579834","-79.8279418945312","5","99.5999984741211"
"6C9C0A24-E36D-409A-B806-CACC16B2D1CB","2019-07-12,19:59:20","2019-07-12,19:59:26","2019-07-12,21:04:16","MOL","MOL","","","",,"9.16117000579834","-79.8279418945312","5","99.5999984741211"
"6C9C0A24-E36D-409A-B806-CACC16B2D1CB","2019-07-12,19:59:20","2019-07-12,19:59:26","2019-07-12,21:04:50","MOL","MOL","","","",,"9.16117000579834","-79.8279418945312","5","99.5999984741211"
"6C9C0A24-E36D-409A-B806-CACC16B2D1CB","2019-07-12,19:59:20","2019-07-12,19:59:26","2019-07-12,21:05:49","MOL","MOL","","","",,"9.16117000579834","-79.8279418945312","5","99.5999984741211"
"6C9C0A24-E36D-409A-B806-CACC16B2D1CB","2019-07-12,19:59:20","2019-07-12,19:59:26","2019-07-12,21:07:08","MOL","MOL","","","",,"9.16117000579834","-79.8279418945312","5","99.5999984741211"
"6C9C0A24-E36D-409A-B806-CACC16B2D1CB","2019-07-12,19:59:20","2019-07-12,19:59:26","2019-07-12,21:07:29","MOL","MOL","","","",,"9.16117000579834","-79.8279418945312","5","99.5999984741211"
"6C9C0A24-E36D-409A-B806-CACC16B2D1CB","2019-07-12,19:59:20","2019-07-12,19:59:26","2019-07-12,21:08:09","MOL","MOL","","","",,"9.16117000579834","-79.8279418945312","5","99.5999984741211"
"6C9C0A24-E36D-409A-B806-CACC16B2D1CB","2019-07-12,19:59:20","2019-07-12,19:59:26","2019-07-12,21:09:01","MOL","MOL","","","",,"9.16117000579834","-79.8279418945312","5","99.5999984741211"
"6C9C0A24-E36D-409A-B806-CACC16B2D1CB","2019-07-12,19:59:20","2019-07-12,19:59:26","2019-07-12,21:09:28","MOL","MOL","","","",,"9.16117000579834","-79.8279418945312","5","99.5999984741211"
"6C9C0A24-E36D-409A-B806-CACC16B2D1CB","2019-07-12,19:59:20","2019-07-12,19:59:26","2019-07-12,21:09:37","MOL","MOL","","","",,"9.16117000579834","-79.8279418945312","5","99.5999984741211"
"6C9C0A24-E36D-409A-B806-CACC16B2D1CB","2019-07-12,19:59:20","2019-07-12,19:59:26","2019-07-12,21:14:40","MOL","MOL","","","",,"9.16117000579834","-79.8279418945312","5","99.5999984741211"
"6C9C0A24-E36D-409A-B806-CACC16B2D1CB","2019-07-21,19:08:49","2019-07-21,19:09:17","2019-07-21,20:38:23","MOL","MOL","","","",,"9.160719871521","-79.8302612304688","5","120.099998474121"
"6C9C0A24-E36D-409A-B806-CACC16B2D1CB","2019-07-21,19:08:49","2019-07-21,19:09:17","2019-07-21,21:25:26","MOL","MOL","","","",,"9.15937995910645","-79.8284378051758","5","137.800003051758"
"6C9C0A24-E36D-409A-B806-CACC16B2D1CB","2019-07-21,19:08:49","2019-07-21,19:09:17","2019-07-21,21:26:36","MOL","MOL","","","",,"9.15937995910645","-79.8284378051758","5","137.800003051758"
"6C9C0A24-E36D-409A-B806-CACC16B2D1CB","2019-07-21,19:08:49","2019-07-21,19:09:17","2019-07-21,21:26:54","MOL","MOL","","","",,"9.15937995910645","-79.8284378051758","5","137.800003051758"
"6C9C0A24-E36D-409A-B806-CACC16B2D1CB","2019-07-21,19:08:49","2019-07-21,19:09:17","2019-07-21,21:27:31","MOL","MOL","","","",,"9.15937995910645","-79.8284378051758","5","137.800003051758"
"6C9C0A24-E36D-409A-B806-CACC16B2D1CB","2019-07-21,19:08:49","2019-07-21,19:09:17","2019-07-21,21:27:49","MOL","MOL","","","",,"9.15937995910645","-79.8284378051758","5","137.800003051758"
"6C9C0A24-E36D-409A-B806-CACC16B2D1CB","2019-07-21,19:08:49","2019-07-21,19:09:17","2019-07-21,21:29:08","MOL","MOL","","","",,"9.15937995910645","-79.8284378051758","5","137.800003051758"
"6C9C0A24-E36D-409A-B806-CACC16B2D1CB","2019-07-21,19:08:49","2019-07-21,19:09:17","2019-07-21,21:44:40","MOL","MOL","","","",,"9.15975856781006","-79.8276062011719","5","128.699996948242"
"6C9C0A24-E36D-409A-B806-CACC16B2D1CB","2019-07-21,19:08:49","2019-07-21,19:09:17","2019-07-21,21:45:11","MOL","MOL","","","",,"9.15975856781006","-79.8276062011719","5","128.699996948242"
"6C9C0A24-E36D-409A-B806-CACC16B2D1CB","2019-07-21,19:08:49","2019-07-21,19:09:17","2019-07-21,22:30:15","MOL","MOL","","","",,"9.16194915771484","-79.8265151977539","5","117.699996948242"
"6C9C0A24-E36D-409A-B806-CACC16B2D1CB","2019-07-21,19:08:49","2019-07-21,19:09:17","2019-07-21,22:30:25","MOL","MOL","","","",,"9.16194915771484","-79.8265151977539","5","117.699996948242"
"6C9C0A24-E36D-409A-B806-CACC16B2D1CB","2019-07-21,19:08:49","2019-07-21,19:09:17","2019-07-21,22:31:09","MOL","MOL","","","",,"9.16194915771484","-79.8265151977539","5","117.699996948242"
"6C9C0A24-E36D-409A-B806-CACC16B2D1CB","2019-07-21,19:08:49","2019-07-21,19:09:17","2019-07-21,22:31:51","MOL","MOL","","","",,"9.16194915771484","-79.8265151977539","5","117.699996948242"
"6C9C0A24-E36D-409A-B806-CACC16B2D1CB","2019-07-21,19:08:49","2019-07-21,19:09:17","2019-07-21,22:32:00","MOL","MOL","","","",,"9.16194915771484","-79.8265151977539","5","117.699996948242"
"6C9C0A24-E36D-409A-B806-CACC16B2D1CB","2019-07-21,19:08:49","2019-07-21,19:09:17","2019-07-21,22:32:09","MOL","MOL","","","",,"9.16194915771484","-79.8265151977539","5","117.699996948242"
"6C9C0A24-E36D-409A-B806-CACC16B2D1CB","2019-07-21,19:08:49","2019-07-21,19:09:17","2019-07-21,22:33:37","MOL","MOL","","","",,"9.16194915771484","-79.8265151977539","5","117.699996948242"
"6C9C0A24-E36D-409A-B806-CACC16B2D1CB","2019-07-21,19:08:49","2019-07-21,19:09:17","2019-07-21,22:34:08","MOL","MOL","","","",,"9.16194915771484","-79.8265151977539","5","117.699996948242"
"6C9C0A24-E36D-409A-B806-CACC16B2D1CB","2019-08-04,18:03:32","2019-08-04,18:03:53","2019-08-04,18:56:43","MOL","MOL","","","",,"9.161865234375","-79.828498840332","5","77.5999984741211"
"6C9C0A24-E36D-409A-B806-CACC16B2D1CB","2019-12-27,20:03:38","2019-12-27,20:03:49","2019-12-27,22:02:09","UNID_13","UNID_14","Aggresses","","",,"9.16550254821777","-79.836799621582","65","54.2302398681641"
"6C9C0A24-E36D-409A-B806-CACC16B2D1CB","2019-12-28,18:13:06","2019-12-28,18:13:42","2019-12-28,19:21:34","UNID_1","UNID_1","","","Auto-groom",,"9.16578006744385","-79.8368682861328","165","56.0739784240723"
"6C9C0A24-E36D-409A-B806-CACC16B2D1CB","2019-12-30,18:22:22","2019-12-30,18:22:45","2019-12-30,19:35:49","UNID_3","UNID_1","Aggresses","","",,"9.16549873352051","-79.836799621582","65","54.3155670166016"
"6C9C0A24-E36D-409A-B806-CACC16B2D1CB","2019-12-30,18:22:22","2019-12-30,18:22:45","2019-12-30,20:03:23","UNID_6","UNID_5","Aggresses","","",,"9.16549873352051","-79.836799621582","65","54.3155670166016"
"6C9C0A24-E36D-409A-B806-CACC16B2D1CB","2019-12-31,18:56:25","2019-12-31,18:56:38","2019-12-31,19:41:23","UNID_2","UNID_3","Aggresses","","",,"9.16549968719482","-79.836799621582","65","54.4304122924805"
